date,feast_primary_name,feast_rank,liturgical_color,is_holy_day_of_obligation,us_holiday_name,is_first_friday,is_first_saturday,week_row,weekday_col,display_date_number,belongs_to_month,source_page
2026-01-01,"SOLEMNITY OF MARY, THE HOLY MOTHER OF GOD",Solemnity,White,1,,0,0,1,5,1,1,15
2026-01-02,"Saints Basil the Great and Gregory Nazianzen,",,White,0,,1,0,1,6,2,1,15
2026-01-03,Christmas Weekday,Weekday,White/White,0,,0,1,1,7,3,1,15
2026-01-04,USA: THE EPIPHANY OF THE LORD,,White,0,,0,0,2,1,4,1,15
2026-01-05,"USA: Saint John Neumann, Bishop",,White,0,,0,0,2,2,5,1,15
2026-01-06,Christmas Weekday,Weekday,White/White,0,,0,0,2,3,6,1,15
2026-01-07,Christmas Weekday,Weekday,White/White,0,,0,0,2,4,7,1,15
2026-01-08,Christmas Weekday,Weekday,White,0,,0,0,2,5,8,1,15
2026-01-09,Christmas Weekday,Weekday,White,0,,0,0,2,6,9,1,15
2026-01-10,Christmas Weekday,Weekday,White,0,,0,0,2,7,10,1,15
2026-01-11,THE BAPTISM OF THE LORD,,White,0,,0,0,3,1,11,1,16
2026-01-12,Weekday (First Week in Ordinary Time),Weekday,Green,0,,0,0,3,2,12,1,16
2026-01-13,Weekday,Weekday,Green/White,0,,0,0,3,3,13,1,16
2026-01-14,Weekday,Weekday,Green,0,,0,0,3,4,14,1,16
2026-01-15,Weekday,Weekday,Green,0,,0,0,3,5,15,1,16
2026-01-16,Weekday,Weekday,Green,0,,0,0,3,6,16,1,16
2026-01-17,"Saint Anthony, Abbot",,White,0,,0,0,3,7,17,1,16
2026-01-18,SECOND SUNDAY IN ORDINARY TIME,Sunday,Green,0,,0,0,4,1,18,1,16
2026-01-19,Weekday,Weekday,Green,0,,0,0,4,2,19,1,16
2026-01-20,Weekday /red,Weekday,Green/Red,0,,0,0,4,3,20,1,16
2026-01-21,"Saint Agnes, Virgin and Martyr",,Red,0,,0,0,4,4,21,1,16
2026-01-22,USA: Day of Prayer for the Legal  or violet,,White,0,,0,0,4,5,22,1,17
2026-01-23,Weekday /white,Weekday,Green/Red,0,,0,0,4,6,23,1,17
2026-01-24,"Saint Francis de Sales, Bishop and Doctor of the Church",,White,0,,0,0,4,7,24,1,17
2026-01-25,THIRD SUNDAY IN ORDINARY TIME,Sunday,Green,0,,0,0,5,1,25,1,17
2026-01-26,"Saints Timothy and Titus, Bishops",,White,0,,0,0,5,2,26,1,17
2026-01-27,Weekday,Weekday,Green/White,0,,0,0,5,3,27,1,17
2026-01-28,"Saint Thomas Aquinas, Priest and Doctor of the Church",,White,0,,0,0,5,4,28,1,17
2026-01-29,Weekday,Weekday,Green,0,,0,0,5,5,29,1,17
2026-01-30,Weekday,Weekday,Green,0,,0,0,5,6,30,1,17
2026-01-31,"Saint John Bosco, Priest",,White,0,,0,0,5,7,31,1,17
2026-02-01,FOURTH SUNDAY IN ORDINARY TIME,Sunday,Green,0,,0,0,1,1,1,1,18
2026-02-02,The Presentation of the Lord,,White,0,,0,0,1,2,2,1,18
2026-02-03,Weekday /white,Weekday,Green/Red,0,,0,0,1,3,3,1,18
2026-02-04,Weekday,Weekday,Green,0,,0,0,1,4,4,1,18
2026-02-05,"Saint Agatha, Virgin and Martyr",,Red,0,,0,0,1,5,5,1,18
2026-02-01,"2:1-4, 10-12/Mk 6:7-13 (326)",,,0,,0,0,1,1,1,1,18
2026-02-06,"Saint Paul Miki and Companions, Martyrs",,Red,0,,1,0,1,6,6,1,18
2026-02-07,Weekday,Weekday,Green/White,0,,0,1,1,7,7,1,18
2026-02-01,3:4-13/Mk 6:30-34 (328),,,0,,0,0,2,1,1,1,18
2026-02-08,FIFTH SUNDAY IN ORDINARY TIME,Sunday,Green,0,,0,0,2,1,8,1,18
2026-02-09,Weekday,Weekday,Green,0,,0,0,2,2,9,1,18
2026-02-01,"8:1-7, 9-13/Mk 6:53-56 (329)",,,0,,0,0,2,1,1,1,18
2026-02-10,"Saint Scholastica, Virgin",,White,0,,0,0,2,3,10,1,18
2026-02-01,"8:22-23, 27-30/Mk 7:1-13 (330)",,,0,,0,0,2,1,1,1,18
2026-02-11,Weekday,Weekday,Green/White,0,,0,0,2,4,11,1,18
2026-02-01,10:1-10/Mk 7:14-23 (331),,,0,,0,0,2,1,1,1,18
2026-02-12,Weekday,Weekday,Green,0,,0,0,2,5,12,1,19
2026-02-01,11:4-13/Mk 7:24-30 (332),,,0,,0,0,2,1,1,1,19
2026-02-13,Weekday,Weekday,Green,0,,0,0,2,6,13,1,19
2026-02-01,11:29-32; 12:19/Mk 7:31-37 (333),,,0,,0,0,2,1,1,1,19
2026-02-14,"Saints Cyril, Monk, and Methodius, Bishop",,White,0,,0,0,2,7,14,1,19
2026-02-01,12:26-32; 13:33-34/Mk 8:1-10 (334),,,0,,0,0,3,1,1,1,19
2026-02-15,SIXTH SUNDAY IN ORDINARY TIME,Sunday,Green,0,,0,0,3,1,15,1,19
2026-02-16,Weekday,Weekday,Green,0,,0,0,3,2,16,1,19
2026-02-17,Weekday,Weekday,Green/White,0,,0,0,3,3,17,1,19
2026-02-18,Ash Wednesday,,Violet,0,,0,0,3,4,18,1,19
2026-02-19,Thursday after Ash Wednesday,,Violet,0,,0,0,3,5,19,1,19
2026-02-20,Friday after Ash Wednesday,,Violet,0,,0,0,3,6,20,1,19
2026-02-21,Saturday after Ash Wednesday,,Violet,0,,0,0,3,7,21,1,19
2026-02-22,FIRST SUNDAY OF LENT,Sunday,Violet,0,,0,0,4,1,22,1,19
2026-02-23,Lenten Weekday,Weekday,Violet,0,,0,0,4,2,23,1,19
2026-02-24,Lenten Weekday,Weekday,Violet,0,,0,0,4,3,24,1,20
2026-02-25,Lenten Weekday,Weekday,Violet,0,,0,0,4,4,25,1,20
2026-02-26,Lenten Weekday,Weekday,Violet,0,,0,0,4,5,26,1,20
2026-02-27,Lenten Weekday,Weekday,Violet,0,,0,0,4,6,27,1,20
2026-02-28,Lenten Weekday,Weekday,Violet,0,,0,0,4,7,28,1,20
2026-03-01,SECOND SUNDAY OF LENT,Sunday,Violet,0,,0,0,1,1,1,1,20
2026-03-02,Lenten Weekday,Weekday,Violet,0,,0,0,1,2,2,1,20
2026-03-03,Lenten Weekday,Weekday,Violet,0,,0,0,1,3,3,1,20
2026-03-04,Lenten Weekday,Weekday,Violet,0,,0,0,1,4,4,1,20
2026-03-05,Lenten Weekday,Weekday,Violet,0,,0,0,1,5,5,1,20
2026-03-06,Lenten Weekday,Weekday,Violet,0,,1,0,1,6,6,1,20
2026-03-07,Lenten Weekday,Weekday,Violet,0,,0,1,1,7,7,1,20
2026-03-08,THIRD SUNDAY OF LENT,Sunday,Violet,0,,0,0,2,1,8,1,21
2026-03-09,Lenten Weekday5,Weekday,Violet,0,,0,0,2,2,9,1,21
2026-03-02,5:1-15ab/Lk 4:24-30 (237),,,0,,0,0,2,2,2,1,21
2026-03-10,Lenten Weekday,Weekday,Violet,0,,0,0,2,3,10,1,21
2026-03-11,Lenten Weekday,Weekday,Violet,0,,0,0,2,4,11,1,21
2026-03-12,Lenten Weekday,Weekday,Violet,0,,0,0,2,5,12,1,21
2026-03-13,Lenten Weekday,Weekday,Violet,0,,0,0,2,6,13,1,21
2026-03-14,Lenten Weekday,Weekday,Violet,0,,0,0,2,7,14,1,21
2026-03-15,FOURTH SUNDAY OF LENT  or rose,Sunday,Violet,0,,0,0,3,1,15,1,21
2026-03-16,Lenten Weekday6,Weekday,Violet,0,,0,0,3,2,16,1,21
2026-03-17,Lenten Weekday,Weekday,Violet,0,,0,0,3,3,17,1,21
2026-03-18,Lenten Weekday,Weekday,Violet,0,,0,0,3,4,18,1,21
2026-05-05,"following readings may be used on any day this week, especially in Years B and C when the Gospel of the Samaritan",,,0,,0,0,1,3,5,1,21
2026-05-06,"following readings may be used on any Lenten day this week, especially in Years B and C when the Gospel of the",,,0,,0,0,1,4,6,1,21
2026-05-19,"SAINT JOSEPH, SPOUSE OF THE BLESSED VIRGIN MARY",,White,0,,0,0,1,3,19,1,22
2026-05-20,Lenten Weekday,Weekday,Violet,0,,0,0,1,4,20,1,22
2026-05-21,Lenten Weekday,Weekday,Violet,0,,0,0,1,5,21,1,22
2026-05-22,FIFTH SUNDAY OF LENT,Sunday,Violet,0,,0,0,1,6,22,1,22
2026-05-23,Lenten Weekday7,Weekday,Violet,0,,0,0,1,7,23,1,22
2026-05-24,Lenten Weekday,Weekday,Violet,0,,0,0,2,1,24,1,22
2026-05-25,THE ANNUNCIATION OF THE LORD,,White,0,,0,0,2,2,25,1,22
2026-05-26,Lenten Weekday,Weekday,Violet,0,,0,0,2,3,26,1,22
2026-05-27,Lenten Weekday,Weekday,Violet,0,,0,0,2,4,27,1,22
2026-05-28,Lenten Weekday,Weekday,Violet,0,,0,0,2,5,28,1,22
2026-05-29,PALM SUNDAY OF THE PASSION OF THE LORD,Sunday,Red,0,,0,0,2,6,29,1,22
2026-05-07,"following readings may be used on any Lenten day this week, especially in Years B and C when the Gospel of Lazarus",,,0,,0,0,1,5,7,1,22
2026-05-30,Monday of Holy Week,,Violet,0,,0,0,1,7,30,1,23
2026-05-31,Tuesday of Holy Week,,Violet,0,,0,0,2,1,31,1,23
2026-04-01,Wednesday of Holy Week,,Violet,0,,0,0,1,4,1,1,23
2026-04-02,Thursday of Holy Week (Holy Thursday)8,,White,0,,0,0,1,5,2,1,23
2026-04-03,Friday of the Passion of the Lord (Good Friday),,Red,0,,1,0,1,6,3,1,23
2026-04-04,Holy Saturday9,,White,0,,0,1,1,7,4,1,23
2026-04-05,EASTER SUNDAY OF THE RESURRECTION OF THE LORD,Sunday,White,0,,0,0,2,1,5,1,23
2026-04-06,Monday within the Octave of Easter10,,White,0,,0,0,2,2,6,1,23
2026-05-07,Tuesday within the Octave of Easter,,White,0,,0,0,1,5,7,1,24
2026-05-08,Wednesday within the Octave of Easter,,White,0,,0,0,1,6,8,1,24
2026-05-09,Thursday within the Octave of Easter,,White,0,,0,0,1,7,9,1,24
2026-05-10,Friday within the Octave of Easter,,White,0,,0,0,2,1,10,1,24
2026-05-11,Saturday within the Octave of Easter,,White,0,,0,0,2,2,11,1,24
2026-05-12,SECOND SUNDAY OF EASTER,Sunday,White,0,,0,0,2,3,12,1,24
2026-05-13,Easter Weekday,Weekday,White/Red,0,,0,0,2,4,13,1,24
2026-05-14,Easter Weekday,Weekday,White,0,,0,0,2,5,14,1,24
2026-05-15,Easter Weekday,Weekday,White,0,,0,0,2,6,15,1,24
2026-05-16,Easter Weekday,Weekday,White,0,,0,0,2,7,16,1,24
2026-05-17,Easter Weekday,Weekday,White,0,,0,0,3,1,17,1,24
2026-05-18,Easter Weekday,Weekday,White,0,,0,0,3,2,18,1,24
2026-05-19,THIRD SUNDAY OF EASTER,Sunday,White,0,,0,0,3,3,19,1,24
2026-05-20,Easter Weekday,Weekday,White,0,,0,0,3,4,20,1,25
2026-05-21,Easter Weekday,Weekday,White/White,0,,0,0,3,5,21,1,25
2026-05-22,Easter Weekday,Weekday,White,0,,0,0,3,6,22,1,25
2026-05-23,Easter Weekday /red,Weekday,White/Red,0,,0,0,3,7,23,1,25
2026-05-24,Easter Weekday,Weekday,White/Red,0,,0,0,4,1,24,1,25
2026-05-25,"Saint Mark, Evangelist",,Red,0,,0,0,4,2,25,1,25
2026-05-26,FOURTH SUNDAY OF EASTER,Sunday,White,0,,0,0,4,3,26,1,25
2026-05-27,Easter Weekday,Weekday,White,0,,0,0,4,4,27,1,25
2026-05-28,Easter Weekday /white,Weekday,White/Red,0,,0,0,4,5,28,1,25
2026-05-29,"Saint Catherine of Siena, Virgin and Doctor of the Church",,White,0,,0,0,4,6,29,1,25
2026-05-30,Easter Weekday,Weekday,White/White,0,,0,0,4,7,30,1,25
2026-05-01,Easter Weekday,Weekday,White/White,0,,1,0,1,6,1,1,26
2026-05-02,"Saint Athanasius, Bishop and Doctor of the Church",,White,0,,0,1,1,7,2,1,26
2026-05-03,FIFTH SUNDAY OF EASTER,Sunday,White,0,,0,0,2,1,3,1,26
2026-05-04,Easter Weekday,Weekday,White,0,,0,0,2,2,4,1,26
2026-05-05,Easter Weekday,Weekday,White,0,,0,0,2,3,5,1,26
2026-05-06,Easter Weekday,Weekday,White,0,,0,0,2,4,6,1,26
2026-05-07,Easter Weekday,Weekday,White,0,,0,0,2,5,7,1,26
2026-05-08,Easter Weekday,Weekday,White,0,,0,0,2,6,8,1,26
2026-05-09,Easter Weekday,Weekday,White,0,,0,0,2,7,9,1,26
2026-05-10,SIXTH SUNDAY OF EASTER11,Sunday,White,0,,0,0,3,1,10,1,26
2026-05-11,Easter Weekday,Weekday,White,0,,0,0,3,2,11,1,26
2026-05-12,Easter Weekday /red,Weekday,White/Red,0,,0,0,1,3,12,1,27
2026-05-13,Easter Weekday,Weekday,White/White,0,,0,0,1,4,13,1,27
2026-05-14,THE ASCENSION OF THE LORD,,White,0,,0,0,1,5,14,1,27
2026-05-14,"Saint Matthias, Apostle",,Red,0,,0,0,1,5,14,1,27
2026-05-15,Easter Weekday,Weekday,White/White,0,,0,0,1,6,15,1,27
2026-05-16,Easter Weekday,Weekday,White,0,,0,0,1,7,16,1,27
2026-05-17,SEVENTH SUNDAY OF EASTER,Sunday,White,0,,0,0,2,1,17,1,27
2026-05-17,THE ASCENSION OF THE LORD,,White,0,,0,0,2,1,17,1,27
2026-05-18,Easter Weekday,Weekday,White/Red,0,,0,0,2,2,18,1,27
2026-05-19,Easter Weekday,Weekday,White,0,,0,0,2,3,19,1,27
2026-05-20,Easter Weekday,Weekday,White/White,0,,0,0,2,4,20,1,28
2026-05-21,Easter Weekday,Weekday,White/Red,0,,0,0,2,5,21,1,28
2026-05-22,Easter Weekday,Weekday,White/White,0,,0,0,2,6,22,1,28
2026-05-23,Easter Weekday,Weekday,White,0,,0,0,2,7,23,1,28
2026-05-24,PENTECOST SUNDAY,Sunday,Red,0,,0,0,3,1,24,1,28
2026-05-25,"The Blessed Virgin Mary, Mother of the Church",,White,0,,0,0,3,2,25,1,28
2026-05-26,"Saint Philip Neri, Priest",,White,0,,0,0,3,3,26,1,28
2026-05-27,Weekday,Weekday,Green/White,0,,0,0,3,4,27,1,28
2026-08-28,Weekday,Weekday,Green,0,,0,0,1,6,28,1,28
2026-08-29,Weekday,Weekday,Green/White,0,,0,0,1,7,29,1,28
2026-08-30,Weekday,Weekday,Green/White,0,,0,0,2,1,30,1,29
2026-08-31,THE MOST HOLY TRINITY,,White,0,,0,0,2,2,31,1,29
2026-06-01,"Saint Justin, Martyr (Ninth Week in Ordinary Time)",,Red,0,,0,0,1,2,1,1,29
2026-06-02,Weekday,Weekday,Green/Red,0,,0,0,1,3,2,1,29
2026-06-03,"Saint Charles Lwanga and Companions, Martyrs",,Red,0,,0,0,1,4,3,1,29
2026-06-04,Weekday,Weekday,Green,0,,0,0,1,5,4,1,29
2026-06-05,"Saint Boniface, Bishop and Martyr",,Red,0,,1,0,1,6,5,1,29
2026-06-06,Weekday /white,Weekday,Green/White,0,,0,1,1,7,6,1,29
2026-06-07,USA: THE MOST HOLY BODY AND BLOOD OF CHRIST,,White,0,,0,0,2,1,7,1,29
2026-06-08,Weekday (Tenth Week in Ordinary Time),Weekday,Green,0,,0,0,2,2,8,1,29
2026-06-01,17:1-6/Mt 5:1-12 (359) Pss II,,,0,,0,0,2,2,1,1,29
2026-06-09,Weekday,Weekday,Green/White,0,,0,0,2,3,9,1,30
2026-06-01,17:7-16/Mt 5:13-16 (360),,,0,,0,0,2,2,1,1,30
2026-06-10,Weekday,Weekday,Green,0,,0,0,2,4,10,1,30
2026-06-01,18:20-39/Mt 5:17-19 (361),,,0,,0,0,2,2,1,1,30
2026-06-11,"Saint Barnabas, Apostle",,Red,0,,0,0,2,5,11,1,30
2026-06-12,THE MOST SAC HEART OF JESUS white,,Red,0,,0,0,2,6,12,1,30
2026-06-13,Weekday /white/white,Weekday,Green/White,0,,0,0,2,7,13,1,30
2026-06-01,19:19-21/Mt 5:33-37 (364),,,0,,0,0,3,2,1,1,30
2026-06-14,ELEVENTH SUNDAY IN ORDINARY TIME,Sunday,Green,0,,0,0,3,1,14,1,30
2026-06-15,Weekday,Weekday,Green,0,,0,0,3,2,15,1,30
2026-06-01,21:1-16/Mt 5:38-42 (365),,,0,,0,0,3,2,1,1,30
2026-06-16,Weekday,Weekday,Green,0,,0,0,3,3,16,1,30
2026-06-01,21:17-29/Mt 5:43-48 (366),,,0,,0,0,3,2,1,1,30
2026-06-17,Weekday,Weekday,Green,0,,0,0,3,4,17,1,30
2026-06-02,"2:1, 6-14/Mt 6:1-6, 16-18 (367)",,,0,,0,0,3,3,2,1,30
2026-06-18,Weekday,Weekday,Green,0,,0,0,3,5,18,1,30
2026-06-19,Weekday,Weekday,Green/White,0,,0,0,3,6,19,1,30
2026-06-02,"11:1-4, 9-18, 20/Mt 6:19-23 (369)",,,0,,0,0,3,3,2,1,30
2026-06-20,Weekday,Weekday,Green/White,0,,0,0,3,7,20,1,31
2026-06-02,24:17-25/Mt 6:24-34 (370),,,0,,0,0,4,3,2,1,31
2026-06-21,TWELFTH SUNDAY IN ORDINARY TIME,Sunday,Green,0,,0,0,4,1,21,1,31
2026-06-22,Weekday /red,Weekday,Green/White,0,,0,0,4,2,22,1,31
2026-06-02,"17:5-8, 13-15a, 18/Mt 7:1-5 (371)",,,0,,0,0,4,3,2,1,31
2026-06-23,Weekday,Weekday,Green,0,,0,0,4,3,23,1,31
2026-06-02,"19:9b-11, 14-21, 31-35a, 36/Mt 7:6, 12-14 (372)",,,0,,0,0,4,3,2,1,31
2026-06-24,THE NATIVITY OF SAINT JOHN THE BAPTIST,,White,0,,0,0,4,4,24,1,31
2026-06-25,Weekday,Weekday,Green,0,,0,0,4,5,25,1,31
2026-06-02,24:8-17/Mt 7:21-29 (374),,,0,,0,0,4,3,2,1,31
2026-06-26,Weekday,Weekday,Green,0,,0,0,4,6,26,1,31
2026-06-02,25:1-12/Mt 8:1-4 (375),,,0,,0,0,4,3,2,1,31
2026-06-27,Weekday /white,Weekday,Green/White,0,,0,0,4,7,27,1,31
2026-06-28,THIRTEENTH SUNDAY IN ORDINARY TIME,Sunday,Green,0,,0,0,5,1,28,1,31
2026-06-02,"4:8-11, 14-16a/Rom 6:3-4, 8-11/Mt 10:37-42 (97) Pss I",,,0,,0,0,5,3,2,1,31
2026-06-29,"SAINTS PETER AND PAUL, APOSTLES",,Red,0,,0,0,5,2,29,1,31
2026-06-30,Weekday,Weekday,Green/Red,0,,0,0,5,3,30,1,31
2026-07-01,Weekday,Weekday,Green/White,0,,0,0,1,4,1,1,32
2026-07-02,Weekday,Weekday,Green,0,,0,0,1,5,2,1,32
2026-07-03,"Saint Thomas, Apostle",,Red,0,,1,0,1,6,3,1,32
2026-07-04,Weekday /white,Weekday,Green/White,0,,0,1,1,7,4,1,32
2026-07-05,FOURTEENTH SUNDAY IN ORDINARY TIME,Sunday,Green,0,,0,0,2,1,5,1,32
2026-07-06,Weekday,Weekday,Green/Red,0,,0,0,2,2,6,1,32
2026-07-07,Weekday,Weekday,Green,0,,0,0,2,3,7,1,32
2026-07-08,Weekday,Weekday,Green,0,,0,0,2,4,8,1,32
2026-07-09,Weekday,Weekday,Green/Red,0,,0,0,2,5,9,1,32
2026-08-10,Weekday,Weekday,Green,0,,0,0,1,2,10,1,32
2026-08-11,"Saint Benedict, Abbot",,White,0,,0,0,1,3,11,1,32
2026-08-12,FIFTEENTH SUNDAY IN ORDINARY TIME,Sunday,Green,0,,0,0,1,4,12,1,33
2026-08-13,Weekday,Weekday,Green/White,0,,0,0,1,5,13,1,33
2026-08-14,"USA: Saint Kateri Tekakwitha, Virgin",,White,0,,0,0,1,6,14,1,33
2026-08-15,"Saint Bonaventure, Bishop and Doctor of the Church",,White,0,,0,0,1,7,15,1,33
2026-08-16,Weekday,Weekday,Green/White,0,,0,0,2,1,16,1,33
2026-08-17,Weekday,Weekday,Green,0,,0,0,2,2,17,1,33
2026-08-18,Weekday /white,Weekday,Green/White,0,,0,0,2,3,18,1,33
2026-08-19,SIXTEENTH SUNDAY IN ORDINARY TIME,Sunday,Green,0,,0,0,2,4,19,1,33
2026-08-20,Weekday,Weekday,Green/Red,0,,0,0,2,5,20,1,33
2026-08-21,Weekday,Weekday,Green/White,0,,0,0,2,6,21,1,33
2026-08-22,Saint Mary Magdalene,,White,0,,0,0,2,7,22,1,33
2026-08-23,Weekday,Weekday,Green/White,0,,0,0,3,1,23,1,34
2026-08-24,Weekday,Weekday,Green/White,0,,0,0,3,2,24,1,34
2026-08-25,"Saint James, Apostle",,Red,0,,0,0,3,3,25,1,34
2026-08-02,4:7-15/Mt 20:20-28 (605) Pss Prop,,,0,,0,0,3,1,2,1,34
2026-08-26,SEVENTEENTH SUNDAY IN ORDINARY TIME,Sunday,Green,0,,0,0,3,4,26,1,34
2026-08-01,"3:5, 7-12/Rom 8:28-30/Mt 13:44-52 or 13:44-46 (109) Pss I",,,0,,0,1,3,7,1,1,34
2026-08-27,Weekday,Weekday,Green,0,,0,0,4,5,27,1,34
2026-08-28,Weekday,Weekday,Green,0,,0,0,4,6,28,1,34
2026-08-29,"Saints Martha, Mary, and Lazarus",,White,0,,0,0,4,7,29,1,34
2026-08-30,Weekday,Weekday,Green/White,0,,0,0,5,1,30,1,34
2026-08-31,"Saint Ignatius of Loyola, Priest",,White,0,,0,0,5,2,31,1,34
2026-08-01,"Saint Alphonsus Liguori, Bishop and Doctor of the Church",,White,0,,0,1,1,7,1,1,35
2026-08-02,EIGHTEENTH SUNDAY IN ORDINARY TIME,Sunday,Green,0,,0,0,2,1,2,1,35
2026-08-03,Weekday,Weekday,Green,0,,0,0,2,2,3,1,35
2026-08-04,"Saint John Vianney, Priest",,White,0,,0,0,2,3,4,1,35
2026-08-05,Weekday,Weekday,Green/White,0,,0,0,2,4,5,1,35
2026-08-06,The Transfiguration of the Lord,,White,0,,0,0,2,5,6,1,35
2026-08-07,Weekday /white,Weekday,Green/Red,0,,1,0,2,6,7,1,35
2026-08-08,"Saint Dominic, Priest",,White,0,,0,0,2,7,8,1,35
2026-08-09,NINETEENTH SUNDAY IN ORDINARY TIME,Sunday,Green,0,,0,0,3,1,9,1,35
2026-08-01,"19:9a, 11-13a/Rom 9:1-5/Mt 14:22-33 (115) Pss III",,,0,,0,1,3,7,1,1,35
2026-08-10,"Saint Lawrence, Deacon and Martyr",,Red,0,,0,0,4,2,10,1,35
2026-08-02,9:6-10/Jn 12:24-26 (618) Pss Prop,,,0,,0,0,4,1,2,1,35
2026-08-11,"Saint Clare, Virgin",,White,0,,0,0,4,3,11,1,36
2026-08-12,Weekday,Weekday,Green/White,0,,0,0,4,4,12,1,36
2026-08-13,Weekday,Weekday,Green/Red,0,,0,0,4,5,13,1,36
2026-08-14,"Saint Maximilian Kolbe, Priest and Martyr",,Red,0,,0,0,4,6,14,1,36
2026-08-15,THE ASSUMPTION OF THE BLESSED VIRGIN MARY,,White,0,,0,0,4,7,15,1,36
2026-08-16,TWENTIETH SUNDAY IN ORDINARY TIME,Sunday,Green,0,,0,0,5,1,16,1,36
2026-08-17,Weekday,Weekday,Green,0,,0,0,5,2,17,1,36
2026-08-18,Weekday,Weekday,Green,0,,0,0,5,3,18,1,36
2026-08-19,Weekday,Weekday,Green/White,0,,0,0,5,4,19,1,36
2026-08-20,"Saint Bernard, Abbot and Doctor of the Church",,White,0,,0,0,5,5,20,1,36
2026-08-21,"Saint Pius X, Pope",,White,0,,0,0,5,6,21,1,36
2026-08-22,The Queenship of the Blessed Virgin Mary,,White,0,,0,0,5,7,22,1,37
2026-08-23,TWENTY-FIRST SUNDAY IN ORDINARY TIME,Sunday,Green,0,,0,0,6,1,23,1,37
2026-08-24,"Saint Bartholomew, Apostle",,Red,0,,0,0,6,2,24,1,37
2026-08-25,Weekday /white,Weekday,Green/White,0,,0,0,6,3,25,1,37
2026-08-26,Weekday,Weekday,Green,0,,0,0,6,4,26,1,37
2026-08-27,Saint Monica,,White,0,,0,0,6,5,27,1,37
2026-08-01,1:1-9/Mt 24:42-51 (428),,,0,,0,1,6,7,1,1,37
2026-08-28,"Saint Augustine, Bishop and Doctor of the Church",,White,0,,0,0,1,6,28,1,37
2026-08-01,1:17-25/Mt 25:1-13 (429),,,0,,0,1,1,7,1,1,37
2026-08-29,The Passion of Saint John the Baptist,,Red,0,,0,0,2,7,29,1,37
2026-08-01,1:26-31 (430)/Mk 6:17-29 (634) Pss Prop,,,0,,0,1,3,7,1,1,37
2026-08-30,TWENTY-SECOND SUNDAY IN ORDINARY TIME,Sunday,Green,0,,0,0,4,1,30,1,37
2026-08-31,Weekday,Weekday,Green,0,,0,0,4,2,31,1,37
2026-08-01,2:1-5/Lk 4:16-30 (431),,,0,,0,1,4,7,1,1,37
2026-09-01,Weekday,Weekday,Green,0,,0,0,1,3,1,1,38
2026-09-01,2:10b-16/Lk 4:31-37 (432),,,0,,0,0,1,3,1,1,38
2026-09-02,Weekday,Weekday,Green,0,,0,0,1,4,2,1,38
2026-09-01,3:1-9/Lk 4:38-44 (433),,,0,,0,0,1,3,1,1,38
2026-09-03,"Saint Gregory the Great, Pope and Doctor of the Church",,White,0,,0,0,1,5,3,1,38
2026-09-01,3:18-23/Lk 5:1-11 (434),,,0,,0,0,1,3,1,1,38
2026-09-04,Weekday,Weekday,Green,0,,1,0,1,6,4,1,38
2026-09-01,4:1-5/Lk 5:33-39 (435),,,0,,0,0,1,3,1,1,38
2026-09-05,Weekday /white,Weekday,Green/White,0,,0,1,1,7,5,1,38
2026-09-01,4:6b-15/Lk 6:1-5 (436),,,0,,0,0,2,3,1,1,38
2026-09-06,TWENTY-THIRD SUNDAY IN ORDINARY TIME,Sunday,Green,0,,0,0,2,1,6,1,38
2026-09-07,Weekday,Weekday,Green,0,,0,0,2,2,7,1,38
2026-09-01,5:1-8/Lk 6:6-11 (437),,,0,,0,0,2,3,1,1,38
2026-09-08,The Nativity of the Blessed Virgin Mary,,White,0,,0,0,2,3,8,1,38
2026-09-09,"USA: Saint Peter Claver, Priest",,White,0,,0,0,2,4,9,1,38
2026-09-01,7:25-31/Lk 6:20-26 (439),,,0,,0,0,2,3,1,1,38
2026-09-10,Weekday,Weekday,Green,0,,0,0,2,5,10,1,38
2026-09-01,"8:1b-7, 11-13/Lk 6:27-38 (440)",,,0,,0,0,2,3,1,1,38
2026-09-11,Weekday,Weekday,Green,0,,0,0,2,6,11,1,38
2026-09-01,"9:16-19, 22b-27/Lk 6:39-42 (441)",,,0,,0,0,2,3,1,1,38
2026-09-12,Weekday /white,Weekday,Green/White,0,,0,0,2,7,12,1,38
2026-09-01,10:14-22/Lk 6:43-49 (442),,,0,,0,0,3,3,1,1,38
2026-09-13,TWENTY-FOURTH SUNDAY IN ORDINARY TIME,Sunday,Green,0,,0,0,3,1,13,1,39
2026-09-14,The Exaltation of the Holy Cross,,Red,0,,0,0,3,2,14,1,39
2026-09-15,Our Lady of Sorrows,,White,0,,0,0,3,3,15,1,39
2026-09-01,"12:12-14, 27-31a (444)/Jn 19:25-27 or Lk 2:33-35 (639) Pss Prop",,,0,,0,0,3,3,1,1,39
2026-09-16,"Saints Cornelius, Pope, and Cyprian, Bishop, Martyrs",,Red,0,,0,0,3,4,16,1,39
2026-09-01,12:31—13:13/Lk 7:31-35 (445),,,0,,0,0,3,3,1,1,39
2026-09-17,Weekday /white,Weekday,Green/White,0,,0,0,3,5,17,1,39
2026-09-01,15:1-11/Lk 7:36-50 (446),,,0,,0,0,3,3,1,1,39
2026-09-18,Weekday,Weekday,Green,0,,0,0,3,6,18,1,39
2026-09-01,15:12-20/Lk 8:1-3 (447),,,0,,0,0,3,3,1,1,39
2026-09-19,Weekday /white,Weekday,Green/Red,0,,0,0,3,7,19,1,39
2026-09-01,"15:35-37, 42-49/Lk 8:4-15 (448)",,,0,,0,0,4,3,1,1,39
2026-09-20,TWENTY-FIFTH SUNDAY IN ORDINARY TIME,Sunday,Green,0,,0,0,4,1,20,1,39
2026-09-21,"Saint Matthew, Apostle and Evangelist",,Red,0,,0,0,4,2,21,1,39
2026-09-22,Weekday,Weekday,Green,0,,0,0,4,3,22,1,39
2026-09-23,"Saint Pius of Pietrelcina, Priest",,White,0,,0,0,4,4,23,1,39
2026-09-24,Weekday,Weekday,Green,0,,0,0,4,5,24,1,40
2026-09-25,Weekday,Weekday,Green,0,,0,0,4,6,25,1,40
2026-09-26,Weekday /white,Weekday,Green/Red,0,,0,0,4,7,26,1,40
2026-09-27,TWENTY-SIXTH SUNDAY IN ORDINARY TIME,Sunday,Green,0,,0,0,5,1,27,1,40
2026-09-28,Weekday /red,Weekday,Green/Red,0,,0,0,5,2,28,1,40
2026-09-29,"Saints Michael, Gabriel and Raphael, Archangels",,White,0,,0,0,5,3,29,1,40
2026-09-30,"Saint Jerome, Priest and Doctor of the Church",,White,0,,0,0,5,4,30,1,40
2026-10-01,"Saint Thérèse of the Child Jesus, Virgin and Doctor of the Church",,White,0,,0,0,1,5,1,1,40
2026-10-02,The Holy Guardian Angels,,White,0,,1,0,1,6,2,1,40
2026-10-03,Weekday,Weekday,Green/White,0,,0,1,1,7,3,1,40
2026-10-04,TWENTY-SEVENTH SUNDAY IN ORDINARY TIME,Sunday,Green,0,,0,0,2,1,4,1,41
2026-10-05,Weekday /white,Weekday,Green/White,0,,0,0,2,2,5,1,41
2026-10-06,Weekday /white,Weekday,Green/White,0,,0,0,2,3,6,1,41
2026-10-07,Our Lady of the Rosary,,White,0,,0,0,2,4,7,1,41
2026-10-08,Weekday,Weekday,Green,0,,0,0,2,5,8,1,41
2026-10-09,Weekday /white,Weekday,Green/Red,0,,0,0,2,6,9,1,41
2026-10-10,Weekday,Weekday,Green/White,0,,0,0,2,7,10,1,41
2026-10-11,TWENTY-EIGHTH SUNDAY IN ORDINARY TIME,Sunday,Green,0,,0,0,3,1,11,1,41
2026-10-12,Weekday,Weekday,Green,0,,0,0,3,2,12,1,41
2026-10-13,Weekday,Weekday,Green,0,,0,0,3,3,13,1,41
2026-10-14,Weekday,Weekday,Green/Red,0,,0,0,3,4,14,1,41
2026-10-15,"Saint Teresa of Jesus, Virgin and Doctor of the Church",,White,0,,0,0,3,5,15,1,42
2026-10-16,Weekday /white,Weekday,Green/White,0,,0,0,3,6,16,1,42
2026-10-17,"Saint Ignatius of Antioch, Bishop and Martyr",,Red,0,,0,0,3,7,17,1,42
2026-10-18,TWENTY-NINTH SUNDAY IN ORDINARY TIME,Sunday,Green,0,,0,0,4,1,18,1,42
2026-10-19,"USA: Saints John de Brébeuf and Isaac Jogues, Priests,",,Red,0,,0,0,4,2,19,1,42
2026-10-20,Weekday,Weekday,Green/White,0,,0,0,4,3,20,1,42
2026-10-21,Weekday,Weekday,Green,0,,0,0,4,4,21,1,42
2026-10-22,Weekday,Weekday,Green/White,0,,0,0,4,5,22,1,42
2026-10-23,Weekday,Weekday,Green/White,0,,0,0,4,6,23,1,42
2026-10-24,Weekday /white,Weekday,Green/White,0,,0,0,4,7,24,1,42
2026-10-25,THIRTIETH SUNDAY IN ORDINARY TIME,Sunday,Green,0,,0,0,5,1,25,1,42
2026-10-26,Weekday,Weekday,Green,0,,0,0,5,2,26,1,43
2026-10-27,Weekday,Weekday,Green,0,,0,0,5,3,27,1,43
2026-10-28,"Saints Simon and Jude, Apostles",,Red,0,,0,0,5,4,28,1,43
2026-10-29,Weekday,Weekday,Green,0,,0,0,5,5,29,1,43
2026-10-30,Weekday,Weekday,Green,0,,0,0,5,6,30,1,43
2026-10-31,Weekday,Weekday,Green/White,0,,0,0,5,7,31,1,43
2026-11-01,ALL SAINTS,,White,0,,0,0,1,1,1,1,43
2026-11-02,The Commemoration of All the Faithful Departed  or white or black,,Violet,0,,0,0,1,2,2,1,43
2026-11-03,Weekday (Thirty-First Week in Ordinary Time),Weekday,Green/White,0,,0,0,1,3,3,1,43
2026-11-04,"Saint Charles Borromeo, Bishop",,White,0,,0,0,1,4,4,1,43
2026-11-05,Weekday,Weekday,Green,0,,0,0,1,5,5,1,43
2026-11-06,Weekday,Weekday,Green,0,,1,0,1,6,6,1,44
2026-11-07,Weekday,Weekday,Green/White,0,,0,1,1,7,7,1,44
2026-11-08,THIRTY-SECOND SUNDAY IN ORDINARY TIME,Sunday,Green,0,,0,0,2,1,8,1,44
2026-11-09,The Dedication of the Lateran Basilica,,White,0,,0,0,2,2,9,1,44
2026-11-10,"Saint Leo the Great, Pope and Doctor of the Church",,White,0,,0,0,2,3,10,1,44
2026-11-11,"Saint Martin of Tours, Bishop",,White,0,,0,0,2,4,11,1,44
2026-11-12,"Saint Josaphat, Bishop and Martyr",,Red,0,,0,0,2,5,12,1,44
2026-11-13,"USA: Saint Frances Xavier Cabrini, Virgin",,White,0,,0,0,2,6,13,1,44
2026-11-14,Weekday,Weekday,Green/White,0,,0,0,2,7,14,1,44
2026-11-15,THIRTY-THIRD SUNDAY IN ORDINARY TIME,Sunday,Green,0,,0,0,3,1,15,1,44
2026-11-16,Weekday /white,Weekday,Green/White,0,,0,0,3,2,16,1,44
2026-11-17,"Saint Elizabeth of Hungary, Religious",,White,0,,0,0,3,3,17,1,45
2026-11-18,Weekday /white,Weekday,Green/White,0,,0,0,3,4,18,1,45
2026-11-19,Weekday,Weekday,Green,0,,0,0,3,5,19,1,45
2026-11-20,Weekday,Weekday,Green,0,,0,0,3,6,20,1,45
2026-11-21,The Presentation of the Blessed Virgin Mary,,White,0,,0,0,3,7,21,1,45
2026-11-22,"OUR LORD JESUS CHRIST, KING OF THE UNIVERSE",,White,0,,0,0,4,1,22,1,45
2026-11-23,Weekday (Thirty-Fourth or Last Week in Ordinary Time) /white/red,Weekday,Green/Red,0,,0,0,4,2,23,1,45
2026-11-24,"Saint Andrew Dũng-Lạc, Priest, and Companions, Martyrs",,Red,0,,0,0,4,3,24,1,45
2026-11-25,Weekday,Weekday,Green/Red,0,,0,0,4,4,25,1,45
2026-11-26,Weekday,Weekday,Green/White,0,,0,0,4,5,26,1,45
2026-11-27,Weekday,Weekday,Green,0,,0,0,4,6,27,1,46
2026-11-28,Weekday,Weekday,Green/White,0,,0,0,4,7,28,1,46
2026-11-29,FIRST SUNDAY OF ADVENT,Sunday,Violet,0,,0,0,5,1,29,1,46
2026-11-30,"Saint Andrew, Apostle",,Red,0,,0,0,5,2,30,1,46
2026-12-01,Advent Weekday,Weekday,Violet,0,,0,0,1,3,1,1,46
2026-12-02,Advent Weekday,Weekday,Violet,0,,0,0,1,4,2,1,46
2026-12-03,"Saint Francis Xavier, Priest",,White,0,,0,0,1,5,3,1,46
2026-12-04,Advent Weekday,Weekday,Violet/White,0,,1,0,1,6,4,1,46
2026-12-05,Advent Weekday,Weekday,Violet,0,,0,1,1,7,5,1,46
2026-12-06,SECOND SUNDAY OF ADVENT,Sunday,Violet,0,,0,0,2,1,6,1,46
2026-12-07,"Saint Amb, Bishop and Doctor of the Church white",,Rose,0,,0,0,2,2,7,1,47
2026-12-08,THE IMMACULATE CONCEPTION OF THE,,White,0,,0,0,2,3,8,1,47
2026-12-09,Advent Weekday,Weekday,Violet/White,0,,0,0,2,4,9,1,47
2026-12-10,Advent Weekday,Weekday,Violet/White,0,,0,0,2,5,10,1,47
2026-12-11,Advent Weekday,Weekday,Violet/White,0,,0,0,2,6,11,1,47
2026-12-12,USA: Our Lady of Guadalupe,,White,0,,0,0,2,7,12,1,47
2026-12-13,THIRD SUNDAY OF ADVENT  or rose,Sunday,Violet,0,,0,0,3,1,13,1,47
2026-12-14,"Saint John of the Cross, Priest and Doctor of the Church",,White,0,,0,0,3,2,14,1,47
2026-12-15,Advent Weekday,Weekday,Violet,0,,0,0,3,3,15,1,47
2026-12-16,Advent Weekday,Weekday,Violet,0,,0,0,3,4,16,1,47
2026-12-17,Advent Weekday,Weekday,Violet,0,,0,0,3,5,17,1,48
2026-12-18,Advent Weekday,Weekday,Violet,0,,0,0,3,6,18,1,48
2026-12-19,Advent Weekday,Weekday,Violet,0,,0,0,3,7,19,1,48
2026-12-20,FOURTH SUNDAY OF ADVENT,Sunday,Violet,0,,0,0,4,1,20,1,48
2026-12-21,Advent Weekday,Weekday,Violet,0,,0,0,4,2,21,1,48
2026-12-22,Advent Weekday,Weekday,Violet,0,,0,0,4,3,22,1,48
2026-12-23,Advent Weekday,Weekday,Violet,0,,0,0,4,4,23,1,48
2026-12-24,Advent Weekday,Weekday,Violet,0,,0,0,4,5,24,1,48
2026-12-25,THE NATIVITY OF THE LORD (Christmas),,White,0,,0,0,4,6,25,1,48
2026-12-26,"Saint Stephen, The First Martyr",,Red,0,,0,0,4,7,26,1,48
2026-12-27,"THE HOLY FAMILY OF JESUS, MARY AND JOSEPH",,White,0,,0,0,5,1,27,1,48
2026-12-28,"The Holy Innocents, Martyrs",,Red,0,,0,0,5,2,28,1,49
2026-12-29,Fifth Day within the Octave of the Nativity of the Lord,,White,0,,0,0,5,3,29,1,49
2026-12-30,Sixth Day within the Octave of the Nativity of the Lord,,White,0,,0,0,5,4,30,1,49
2026-12-31,Seventh Day within the Octave of the Nativity of the Lord,,White,0,,0,0,5,5,31,1,49
2026-05-05,"Juan Nepomuceno Neumann, obispo",,,0,,0,0,1,3,5,1,54
2026-05-06,"Andrés Bessette, religioso",,,0,,0,0,1,4,6,1,54
2026-05-07,"Raimundo de Peñafort, presbítero",,,0,,0,0,1,5,7,1,54
2026-05-13,"Hilario, obispo y doctor de la Iglesia",,,0,,0,0,1,4,13,1,54
2026-05-17,"Antonio, abad",,,0,,0,0,1,1,17,1,54
2026-05-20,"Fabián, Papa y mártir; San Sebastián, mártir",,,0,,0,0,1,4,20,1,54
2026-05-22,de oración por la protección legal de la criatura en el vientre materno,,,0,,0,0,1,6,22,1,54
2026-05-23,"Vicente, diácono y mártir; Santa Mariana Cope, virgen",,,0,,0,0,1,7,23,1,54
2026-05-24,"Francisco de Sales, obispo y mártir de la Iglesia",,,0,,0,0,2,1,24,1,54
2026-05-31,"Juan Bosco, presbítero",,,0,,0,0,2,1,31,1,54
2026-05-03,"Blas, obispo y mártir; San Óscar, obispo",,,0,,0,0,2,1,3,1,54
2026-05-08,"Jerónimo Emiliani; Santa Josefina Bakhita, virgen",,,0,,0,0,2,6,8,1,54
2026-05-17,siete santos Fundadores de la Orden de los Siervos de la Bienaventurada,,,0,,0,0,2,1,17,1,54
2026-05-21,"Pedro Damián, obispo y doctor de la Iglesia",,,0,,0,0,2,5,21,1,54
2026-05-23,"Policarpo, obispo y mártir",,,0,,0,0,2,7,23,1,54
2026-05-27,"Gregorio de Narek, abad y doctor de la Iglesia",,,0,,0,0,3,4,27,1,54
2026-05-04,Casimiro,,,0,,0,0,3,2,4,1,54
2026-05-08,"Juan de Dios, religioso",,,0,,0,0,3,6,8,1,54
2026-05-17,"Patricio, obispo",,,0,,0,0,3,1,17,1,54
2026-05-18,"Cirilo de Jerusalén, obispo y doctor de la Iglesia",,,0,,0,0,3,2,18,1,54
2026-05-19,"José, esposo de la Bienaventurada Virgen María",,,0,,0,0,3,3,19,1,55
2026-05-04,"Isidoro, obispo y doctor de la Iglesia",,,0,,0,0,3,2,4,1,55
2026-05-05,"Vicente Ferrer, presbítero",,,0,,0,0,3,3,5,1,55
2026-05-07,"Juan Bautista de la Salle, presbítero",,,0,,0,0,3,5,7,1,55
2026-05-11,"Estanislao, obispo y mártir",,,0,,0,0,3,2,11,1,55
2026-05-13,"Martín I, Papa y mártir",,,0,,0,0,3,4,13,1,55
2026-05-21,"Anselmo, obispo y doctor de la Iglesia",,,0,,0,0,3,5,21,1,55
2026-05-23,"Jorge, mártir; San Adalberto, obispo y mártir",,,0,,0,0,3,7,23,1,55
2026-05-24,"Fidel de Sigmaringa, presbítero y mártir",,,0,,0,0,4,1,24,1,55
2026-05-25,"Marcos, evangelista",,,0,,0,0,4,2,25,1,55
2026-05-28,"Pedro Chanel, presbítero y mártir; San Luis María Grignion de Montfort,",,,0,,0,0,4,5,28,1,55
2026-05-30,"Pío V, Papa",,,0,,0,0,4,7,30,1,55
2026-05-02,"Atanasio, obispo y doctor de la Iglesia",,,0,,0,1,1,7,2,1,55
2026-05-10,"Juan de Ávila, presbítero y doctor de la Iglesia; San Damián de Veuster,",,,0,,0,0,2,1,10,1,55
2026-05-14,"Matías, apóstol",,,0,,0,0,2,5,14,1,55
2026-05-15,Isidro Labrador,,,0,,0,0,2,6,15,1,55
2026-05-18,"Juan I, Papa y mártir",,,0,,0,0,2,2,18,1,55
2026-05-20,"Bernardino de Siena, presbítero",,,0,,0,0,2,4,20,1,55
2026-05-25,"Beda el Venerable, presbítero y doctor de la Iglesia; San Gregorio VII, Papa;",,,0,,0,0,2,2,25,1,55
2026-05-26,"Felipe Neri, presbítero",,,0,,0,0,2,3,26,1,55
2026-05-27,"Agustín de Canterbury, obispo",,,0,,0,0,2,4,27,1,55
2026-05-29,"Pablo VI, Papa",,,0,,0,0,2,6,29,1,55
2026-05-05,"Bonifacio, obispo y mártir",,,0,,0,0,2,3,5,1,56
2026-05-06,"Norberto, obispo",,,0,,0,0,2,4,6,1,56
2026-05-09,"Efrén, diácono y doctor de la Iglesia",,,0,,0,0,2,7,9,1,56
2026-05-11,"Bernabé, apóstol",,,0,,0,0,3,2,11,1,56
2026-05-13,"Antonio de Padua, presbítero y doctor de la Iglesia",,,0,,0,0,3,4,13,1,56
2026-05-19,"Romualdo, abad",,,0,,0,0,3,3,19,1,56
2026-05-21,"Luis Gonzaga, religioso",,,0,,0,0,3,5,21,1,56
2026-05-22,"Paulino de Nola, obispo; Santos Juan Fisher, obispo, y Tomás Moro, mártires",,,0,,0,0,3,6,22,1,56
2026-05-27,"Cirilo de Alejandría, obispo y doctor de la Iglesia",,,0,,0,0,3,4,27,1,56
2026-05-28,"Ireneo, obispo, mártir y doctor de la Iglesia",,,0,,0,0,3,5,28,1,56
2026-05-04,de la Independencia de los Estados Unidos,,,0,,0,0,3,2,4,1,56
2026-05-05,"Antonio María Zacaría, presbítero; Santa Isabel de Portugal",,,0,,0,0,3,3,5,1,56
2026-05-11,"Benito, abad",,,0,,0,0,3,2,11,1,56
2026-05-13,Enrique,,,0,,0,0,3,4,13,1,56
2026-05-15,"Buenaventura, obispo y doctor de la Iglesia",,,0,,0,0,3,6,15,1,56
2026-05-18,"Camilo de Lelis, presbítero",,,0,,0,0,3,2,18,1,56
2026-05-20,"Apolinar, obispo y mártir",,,0,,0,0,3,4,20,1,56
2026-05-21,"Lorenzo de Brindis, presbítero y doctor de la Iglesia",,,0,,0,0,3,5,21,1,56
2026-05-24,"Chárbel Makhlüf, presbítero",,,0,,0,0,3,1,24,1,56
2026-05-30,"Pedro Crisólogo, obispo y doctor de la Iglesia",,,0,,0,0,3,7,30,1,56
2026-05-31,"Ignacio de Loyola, presbítero",,,0,,0,0,4,1,31,1,56
2026-05-02,"Eusebio de Vercelli, obispo; San Pedro Julián Eymard, presbítero",,,0,,0,1,4,7,2,1,56
2026-05-04,"Juan María Vianney, presbítero",,,0,,0,0,5,2,4,1,56
2026-05-10,"Lorenzo, diácono y mártir",,,0,,0,0,1,1,10,1,57
2026-05-14,"Maximiliano María Kolbe, presbítero y mártir",,,0,,0,0,1,5,14,1,57
2026-05-16,Esteban de Hungría,,,0,,0,0,1,7,16,1,57
2026-05-19,"Juan Eudes, presbítero",,,0,,0,0,2,3,19,1,57
2026-05-20,"Bernardo, abad y doctor de la Iglesia",,,0,,0,0,2,4,20,1,57
2026-05-21,"Pío X, Papa",,,0,,0,0,2,5,21,1,57
2026-05-24,"Bartolomé, apóstol",,,0,,0,0,2,1,24,1,57
2026-05-25,"Luis, rey de Francia; San José de Calasanz, presbítero",,,0,,0,0,2,2,25,1,57
2026-05-28,"Agustín, obispo y doctor de la Iglesia",,,0,,0,0,2,5,28,1,57
2026-05-09,"Pedro Claver, presbítero",,,0,,0,0,2,7,9,1,57
2026-05-13,"Juan Crisóstomo, obispo y doctor de la Iglesia",,,0,,0,0,3,4,13,1,57
2026-05-17,"Roberto Belarmino, obispo y doctor de la Iglesia; Santa Hildegarda de Bingen,",,,0,,0,0,3,1,17,1,57
2026-05-19,"Jenaro, obispo y mártir",,,0,,0,0,3,3,19,1,57
2026-05-21,"Mateo, apóstol y evangelista",,,0,,0,0,3,5,21,1,57
2026-05-23,"Pio de Pietrelcina, presbítero",,,0,,0,0,3,7,23,1,57
2026-05-27,"Vicente de Paúl, presbítero",,,0,,0,0,4,4,27,1,57
2026-05-28,"Wenceslao, mártir; Santos Lorenzo Ruiz y compañeros, mártires",,,0,,0,0,4,5,28,1,57
2026-05-30,"Jerónimo, presbítero y doctor de la Iglesia",,,0,,0,0,4,7,30,1,58
2026-05-04,Francisco de Asís,,,0,,0,0,5,2,4,1,58
2026-05-06,"Bruno, presbítero; Beata María Rosa Durocher, virgen",,,0,,0,0,5,4,6,1,58
2026-05-11,"Juan XXIII, Papa",,,0,,0,0,5,2,11,1,58
2026-05-14,"Calixto I, Papa y mártir",,,0,,0,0,5,5,14,1,58
2026-05-17,"Ignacio de Antioquía, obispo y mártir",,,0,,0,0,5,1,17,1,58
2026-05-18,"Lucas, evangelista",,,0,,0,0,5,2,18,1,58
2026-05-20,"Pablo de la Cruz, presbítero",,,0,,0,0,5,4,20,1,58
2026-05-22,"Juan Pablo II, Papa",,,0,,0,0,5,6,22,1,58
2026-05-23,"Juan de Capistrano, presbítero",,,0,,0,0,5,7,23,1,58
2026-05-24,"Antonio María Claret, obispo",,,0,,0,0,6,1,24,1,58
2026-05-03,"Martín de Porres, religioso",,,0,,0,0,6,1,3,1,58
2026-05-04,"Carlos Borromeo, obispo",,,0,,0,0,6,2,4,1,58
2026-05-10,"León Magno, Papa y doctor de la Iglesia",,,0,,0,0,6,1,10,1,58
2026-05-11,"Martín de Tours, obispo",,,0,,0,0,6,2,11,1,58
2026-05-12,"Josafat, obispo y mártir",,,0,,0,0,6,3,12,1,58
2026-05-15,"Alberto Magno, obispo y doctor de la Iglesia",,,0,,0,0,6,6,15,1,58
2026-05-23,"Clemente I, Papa y mártir; San Columbiano, abad; Beato Miguel Agustín Pro,",,,0,,0,0,6,7,23,1,58
2026-05-30,"Andrés, apóstol",,,0,,0,0,7,7,30,1,58
2026-05-04,"Juan Damasceno, presbítero y doctor de la Iglesia",,,0,,0,0,8,2,4,1,59
2026-05-06,"Nicolás, obispo",,,0,,0,0,8,4,6,1,59
2026-05-07,"Ambrosio, obispo y doctor de la Iglesia",,,0,,0,0,8,5,7,1,59
2026-05-09,Juan Diego,,,0,,0,0,8,7,9,1,59
2026-05-11,"Dámaso I, Papa",,,0,,0,0,9,2,11,1,59
2026-05-14,"Juan de la Cruz, presbítero y doctor de la Iglesia",,,0,,0,0,9,5,14,1,59
2026-05-21,"Pedro Canisio, presbítero y doctor de la Iglesia",,,0,,0,0,9,5,21,1,59
2026-05-23,"Juan de Kety, presbítero",,,0,,0,0,9,7,23,1,59
2026-05-26,"Esteban, protomártir",,,0,,0,0,10,3,26,1,59
2026-05-27,"Juan, apóstol y evangelista",,,0,,0,0,10,4,27,1,59
2026-05-31,"Silvestre I, Papa",,,0,,0,0,10,1,31,1,59
